state_id,a,b,r,U,L,c0,c1,c2,c3,c4
q001,N,Bo,Ro,Bo Bo Bo,Ro Ro Ro,1848,7728,9360,-10344,-4032
q002,N,Bo,Ro,Bo Bo Bo,Ro Ro R,252,756,1152,-1164,-468
q003,N,Bo,Ro,Bo Bo Bo,Ro R Ro,24,0,0,0,0
q004,N,Bo,Ro,Bo Bo Bo,Ro R R,24,0,0,0,0
q005,N,Bo,Ro,Bo Bo Bo,R Ro Ro,1400,6488,6684,-7972,-3036
q006,N,Bo,Ro,Bo Bo Bo,R Ro R,0,24,0,0,0
q007,N,Bo,Ro,Bo Bo Bo,R R Ro,0,24,0,0,0
q008,N,Bo,Ro,Bo Bo Bo,R R R,0,24,0,0,0
q009,N,Bo,Ro,Bo Bo B,Ro Ro Ro,252,756,1152,-1164,-468
q010,N,Bo,Ro,Bo Bo B,Ro Ro R,72,72,192,-168,-72
q011,N,Bo,Ro,Bo Bo B,Ro R Ro,24,0,0,0,0
q012,N,Bo,Ro,Bo Bo B,Ro R R,-6054,-27396,-26232,32706,12312
q013,N,Bo,Ro,Bo Bo B,R Ro Ro,256,1180,1272,-1472,-564
q014,N,Bo,Ro,Bo Bo B,R Ro R,16,48,64,-56,-24
q015,N,Bo,Ro,Bo Bo B,R R Ro,-686,-3106,-3020,3746,1410
q016,N,Bo,Ro,Bo Bo B,R R R,3726,16848,16092,-20070,-7560
q017,N,Bo,Ro,Bo B Bo,Ro Ro Ro,24,0,0,0,0
q018,N,Bo,Ro,Bo B Bo,Ro Ro R,24,0,0,0,0
q019,N,Bo,Ro,Bo B Bo,Ro R Ro,8,-24,-64,56,24
q020,N,Bo,Ro,Bo B Bo,Ro R R,-1264,-5720,-5464,6832,2568
q021,N,Bo,Ro,Bo B Bo,R Ro Ro,44,188,192,-220,-84
q022,N,Bo,Ro,Bo B Bo,R Ro R,8,16,0,0,0
q023,N,Bo,Ro,Bo B Bo,R R Ro,-208,-940,-916,1140,432
q024,N,Bo,Ro,Bo B Bo,R R R,736,3320,3156,-3948,-1476
q025,N,Bo,Ro,Bo B B,Ro Ro Ro,24,0,0,0,0
q026,N,Bo,Ro,Bo B B,Ro Ro R,-38271,-172959,-164850,206049,77499
q027,N,Bo,Ro,Bo B B,Ro R Ro,-8256,-37324,-35572,44468,16728
q028,N,Bo,Ro,Bo B B,Ro R R,29425,132985,126672,-158369,-59559
q029,N,Bo,Ro,Bo B B,R Ro Ro,-1336,-6046,-5748,7208,2706
q030,N,Bo,Ro,Bo B B,R Ro R,-16989,-76731,-73042,91387,34347
q031,N,Bo,Ro,Bo B B,R R Ro,5966,26978,25716,-32122,-12090
q032,N,Bo,Ro,Bo B B,R R R,-18633,-84171,-80130,100239,37683
q033,N,Bo,Ro,B Bo Bo,Ro Ro Ro,1400,6488,6684,-7972,-3036
q034,N,Bo,Ro,B Bo Bo,Ro Ro R,256,1180,1272,-1472,-564
q035,N,Bo,Ro,B Bo Bo,Ro R Ro,44,188,192,-220,-84
q036,N,Bo,Ro,B Bo Bo,Ro R R,-200,-908,-852,1084,408
q037,N,Bo,Ro,B Bo Bo,R Ro Ro,640,2920,2832,-3488,-1320
q038,N,Bo,Ro,B Bo Bo,R Ro R,16,64,48,-56,-24
q039,N,Bo,Ro,B Bo Bo,R R Ro,-64,-292,-288,368,132
q040,N,Bo,Ro,B Bo Bo,R R R,100,448,420,-512,-204
q041,N,Bo,Ro,B Bo B,Ro Ro Ro,0,24,0,0,0
q042,N,Bo,Ro,B Bo B,Ro Ro R,16,48,64,-56,-24
q043,N,Bo,Ro,B Bo B,Ro R Ro,8,16,0,0,0
q044,N,Bo,Ro,B Bo B,Ro R R,-2786,-12584,-11984,14982,5652
q045,N,Bo,Ro,B Bo B,R Ro Ro,16,64,48,-56,-24
q046,N,Bo,Ro,B Bo B,R Ro R,24,104,104,-112,-48
q047,N,Bo,Ro,B Bo B,R R Ro,-326,-1466,-1380,1762,642
q048,N,Bo,Ro,B Bo B,R R R,1074,4854,4644,-5742,-2214
q049,N,Bo,Ro,B B Bo,Ro Ro Ro,0,24,0,0,0
q050,N,Bo,Ro,B B Bo,Ro Ro R,-4182,-18908,-18074,22564,8490
q051,N,Bo,Ro,B B Bo,Ro R Ro,-1344,-6078,-5812,7264,2730
q052,N,Bo,Ro,B B Bo,Ro R R,3606,16314,15558,-19428,-7308
q053,N,Bo,Ro,B B Bo,R Ro Ro,-434,-1970,-1896,2362,894
q054,N,Bo,Ro,B B Bo,R Ro R,-1776,-8018,-7630,9546,3600
q055,N,Bo,Ro,B B Bo,R R Ro,1034,4688,4488,-5590,-2100
q056,N,Bo,Ro,B B Bo,R R R,-2042,-9224,-8778,10984,4134
q057,N,Bo,Ro,B B B,Ro Ro Ro,0,24,0,0,0
q058,N,Bo,Ro,B B B,Ro Ro R,25455,115005,109548,-136959,-51507
q059,N,Bo,Ro,B B B,Ro R Ro,5456,24648,23472,-29336,-11040
q060,N,Bo,Ro,B B B,Ro R R,-13750,-62116,-59136,73970,27816
q061,N,Bo,Ro,B B B,R Ro Ro,866,3908,3708,-4642,-1740
q062,N,Bo,Ro,B B B,R Ro R,7350,33190,31588,-39530,-14838
q063,N,Bo,Ro,B B B,R R Ro,-2042,-9224,-8778,10984,4134
q064,N,Bo,Ro,B B B,R R R,3965,17903,17040,-21313,-8013
q065,N,Bo,R,Bo Bo Bo,Ro Ro Ro,1848,7728,9360,-10344,-4032
q066,N,Bo,R,Bo Bo Bo,Ro Ro R,252,756,1152,-1164,-468
q067,N,Bo,R,Bo Bo Bo,Ro R Ro,24,0,0,0,0
q068,N,Bo,R,Bo Bo Bo,Ro R R,24,0,0,0,0
q069,N,Bo,R,Bo Bo Bo,R Ro Ro,-1912,-8716,-9372,10964,4200
q070,N,Bo,R,Bo Bo Bo,R Ro R,24,0,0,0,0
q071,N,Bo,R,Bo Bo Bo,R R Ro,24,0,0,0,0
q072,N,Bo,R,Bo Bo Bo,R R R,24,0,0,0,0
q073,N,Bo,R,Bo Bo B,Ro Ro Ro,252,756,1152,-1164,-468
q074,N,Bo,R,Bo Bo B,Ro Ro R,72,72,192,-168,-72
q075,N,Bo,R,Bo Bo B,Ro R Ro,24,0,0,0,0
q076,N,Bo,R,Bo Bo B,Ro R R,-6054,-27396,-26232,32706,12312
q077,N,Bo,R,Bo Bo B,R Ro Ro,-356,-1544,-1728,1996,768
q078,N,Bo,R,Bo Bo B,R Ro R,-48,-112,-72,136,48
q079,N,Bo,R,Bo Bo B,R R Ro,1010,4526,4432,-5450,-2058
q080,N,Bo,R,Bo Bo B,R R R,-5508,-24894,-23796,29700,11178
q081,N,Bo,R,Bo B Bo,Ro Ro Ro,24,0,0,0,0
q082,N,Bo,R,Bo B Bo,Ro Ro R,24,0,0,0,0
q083,N,Bo,R,Bo B Bo,Ro R Ro,8,-24,-64,56,24
q084,N,Bo,R,Bo B Bo,Ro R R,-1264,-5720,-5464,6832,2568
q085,N,Bo,R,Bo B Bo,R Ro Ro,-76,-292,-264,356,132
q086,N,Bo,R,Bo B Bo,R Ro R,-32,-88,-8,80,24
q087,N,Bo,R,Bo B Bo,R R Ro,308,1372,1348,-1648,-624
q088,N,Bo,R,Bo B Bo,R R R,-1096,-4940,-4684,5884,2208
q089,N,Bo,R,Bo B B,Ro Ro Ro,24,0,0,0,0
q090,N,Bo,R,Bo B B,Ro Ro R,-38271,-172959,-164850,206049,77499
q091,N,Bo,R,Bo B B,Ro R Ro,-8256,-37324,-35572,44468,16728
q092,N,Bo,R,Bo B B,Ro R R,29425,132985,126672,-158369,-59559
q093,N,Bo,R,Bo B B,R Ro Ro,1970,8948,8544,-10654,-4008
q094,N,Bo,R,Bo B B,R Ro R,25203,113837,108376,-135543,-50967
q095,N,Bo,R,Bo B B,R R Ro,-8818,-39910,-38088,47570,17898
q096,N,Bo,R,Bo B B,R R R,27627,124833,118872,-148647,-55899
q097,N,Bo,R,B Bo Bo,Ro Ro Ro,1400,6488,6684,-7972,-3036
q098,N,Bo,R,B Bo Bo,Ro Ro R,256,1180,1272,-1472,-564
q099,N,Bo,R,B Bo Bo,Ro R Ro,44,188,192,-220,-84
q100,N,Bo,R,B Bo Bo,Ro R R,-200,-908,-852,1084,408
q101,N,Bo,R,B Bo Bo,R Ro Ro,-920,-4208,-4128,5080,1920
q102,N,Bo,R,B Bo Bo,R Ro R,-32,-128,-72,136,48
q103,N,Bo,R,B Bo Bo,R R Ro,92,416,432,-508,-192
q104,N,Bo,R,B Bo Bo,R R R,-152,-680,-612,796,300
q105,N,Bo,R,B Bo B,Ro Ro Ro,0,24,0,0,0
q106,N,Bo,R,B Bo B,Ro Ro R,16,48,64,-56,-24
q107,N,Bo,R,B Bo B,Ro R Ro,8,16,0,0,0
q108,N,Bo,R,B Bo B,Ro R R,-2786,-12584,-11984,14982,5652
q109,N,Bo,R,B Bo B,R Ro Ro,-32,-128,-72,136,48
q110,N,Bo,R,B Bo B,R Ro R,-40,-160,-136,192,72
q111,N,Bo,R,B Bo B,R R Ro,490,2206,2088,-2618,-978
q112,N,Bo,R,B Bo B,R R R,-1590,-7170,-6816,8526,3222
q113,N,Bo,R,B B Bo,Ro Ro Ro,0,24,0,0,0
q114,N,Bo,R,B B Bo,Ro Ro R,-4182,-18908,-18074,22564,8490
q115,N,Bo,R,B B Bo,Ro R Ro,-1344,-6078,-5812,7264,2730
q116,N,Bo,R,B B Bo,Ro R R,3606,16314,15558,-19428,-7308
q117,N,Bo,R,B B Bo,R Ro Ro,634,2878,2796,-3446,-1302
q118,N,Bo,R,B B Bo,R Ro R,2638,11906,11322,-14160,-5328
q119,N,Bo,R,B B Bo,R R Ro,-1516,-6886,-6624,8240,3102
q120,N,Bo,R,B B Bo,R R R,3028,13684,13026,-16286,-6126
q121,N,Bo,R,B B B,Ro Ro Ro,0,24,0,0,0
q122,N,Bo,R,B B B,Ro Ro R,25455,115005,109548,-136959,-51507
q123,N,Bo,R,B B B,Ro R Ro,5456,24648,23472,-29336,-11040
q124,N,Bo,R,B B B,Ro R R,-13750,-62116,-59136,73970,27816
q125,N,Bo,R,B B B,R Ro Ro,-1288,-5818,-5508,6920,2598
q126,N,Bo,R,B B B,R Ro R,-10910,-49262,-46880,58662,22050
q127,N,Bo,R,B B B,R R Ro,3028,13684,13026,-16286,-6126
q128,N,Bo,R,B B B,R R R,-5887,-26575,-25278,31637,11895
q129,N,B,Ro,Bo Bo Bo,Ro Ro Ro,1848,7728,9360,-10344,-4032
q130,N,B,Ro,Bo Bo Bo,Ro Ro R,252,756,1152,-1164,-468
q131,N,B,Ro,Bo Bo Bo,Ro R Ro,24,0,0,0,0
q132,N,B,Ro,Bo Bo Bo,Ro R R,24,0,0,0,0
q133,N,B,Ro,Bo Bo Bo,R Ro Ro,1400,6488,6684,-7972,-3036
q134,N,B,Ro,Bo Bo Bo,R Ro R,0,24,0,0,0
q135,N,B,Ro,Bo Bo Bo,R R Ro,0,24,0,0,0
q136,N,B,Ro,Bo Bo Bo,R R R,0,24,0,0,0
q137,N,B,Ro,Bo Bo B,Ro Ro Ro,252,756,1152,-1164,-468
q138,N,B,Ro,Bo Bo B,Ro Ro R,72,72,192,-168,-72
q139,N,B,Ro,Bo Bo B,Ro R Ro,24,0,0,0,0
q140,N,B,Ro,Bo Bo B,Ro R R,-6054,-27396,-26232,32706,12312
q141,N,B,Ro,Bo Bo B,R Ro Ro,256,1180,1272,-1472,-564
q142,N,B,Ro,Bo Bo B,R Ro R,16,48,64,-56,-24
q143,N,B,Ro,Bo Bo B,R R Ro,-686,-3106,-3020,3746,1410
q144,N,B,Ro,Bo Bo B,R R R,3726,16848,16092,-20070,-7560
q145,N,B,Ro,Bo B Bo,Ro Ro Ro,24,0,0,0,0
q146,N,B,Ro,Bo B Bo,Ro Ro R,24,0,0,0,0
q147,N,B,Ro,Bo B Bo,Ro R Ro,8,-24,-64,56,24
q148,N,B,Ro,Bo B Bo,Ro R R,-1264,-5720,-5464,6832,2568
q149,N,B,Ro,Bo B Bo,R Ro Ro,44,188,192,-220,-84
q150,N,B,Ro,Bo B Bo,R Ro R,8,16,0,0,0
q151,N,B,Ro,Bo B Bo,R R Ro,-208,-940,-916,1140,432
q152,N,B,Ro,Bo B Bo,R R R,736,3320,3156,-3948,-1476
q153,N,B,Ro,Bo B B,Ro Ro Ro,24,0,0,0,0
q154,N,B,Ro,Bo B B,Ro Ro R,-38271,-172959,-164850,206049,77499
q155,N,B,Ro,Bo B B,Ro R Ro,-8256,-37324,-35572,44468,16728
q156,N,B,Ro,Bo B B,Ro R R,29425,132985,126672,-158369,-59559
q157,N,B,Ro,Bo B B,R Ro Ro,-1336,-6046,-5748,7208,2706
q158,N,B,Ro,Bo B B,R Ro R,-16989,-76731,-73042,91387,34347
q159,N,B,Ro,Bo B B,R R Ro,5966,26978,25716,-32122,-12090
q160,N,B,Ro,Bo B B,R R R,-18633,-84171,-80130,100239,37683
q161,N,B,Ro,B Bo Bo,Ro Ro Ro,-1912,-8716,-9372,10964,4200
q162,N,B,Ro,B Bo Bo,Ro Ro R,-356,-1544,-1728,1996,768
q163,N,B,Ro,B Bo Bo,Ro R Ro,-76,-292,-264,356,132
q164,N,B,Ro,B Bo Bo,Ro R R,292,1348,1284,-1592,-600
q165,N,B,Ro,B Bo Bo,R Ro Ro,-920,-4208,-4128,5080,1920
q166,N,B,Ro,B Bo Bo,R Ro R,-32,-128,-72,136,48
q167,N,B,Ro,B Bo Bo,R R Ro,92,416,432,-508,-192
q168,N,B,Ro,B Bo Bo,R R R,-152,-680,-612,796,300
q169,N,B,Ro,B Bo B,Ro Ro Ro,24,0,0,0,0
q170,N,B,Ro,B Bo B,Ro Ro R,-48,-112,-72,136,48
q171,N,B,Ro,B Bo B,Ro R Ro,-32,-88,-8,80,24
q172,N,B,Ro,B Bo B,Ro R R,4132,18662,17768,-22208,-8358
q173,N,B,Ro,B Bo B,R Ro Ro,-32,-128,-72,136,48
q174,N,B,Ro,B Bo B,R Ro R,-40,-160,-136,192,72
q175,N,B,Ro,B Bo B,R R Ro,490,2206,2088,-2618,-978
q176,N,B,Ro,B Bo B,R R R,-1590,-7170,-6816,8526,3222
q177,N,B,Ro,B B Bo,Ro Ro Ro,24,0,0,0,0
q178,N,B,Ro,B B Bo,Ro Ro R,6184,27928,26746,-33330,-12546
q179,N,B,Ro,B B Bo,Ro R Ro,1986,8972,8608,-10710,-4032
q180,N,B,Ro,B B Bo,Ro R R,-5322,-24108,-23034,28752,10818
q181,N,B,Ro,B B Bo,R Ro Ro,634,2878,2796,-3446,-1302
q182,N,B,Ro,B B Bo,R Ro R,2638,11906,11322,-14160,-5328
q183,N,B,Ro,B B Bo,R R Ro,-1516,-6886,-6624,8240,3102
q184,N,B,Ro,B B Bo,R R R,3028,13684,13026,-16286,-6126
q185,N,B,Ro,B B B,Ro Ro Ro,24,0,0,0,0
q186,N,B,Ro,B B B,Ro Ro R,-37725,-170457,-162414,203043,76365
q187,N,B,Ro,B B B,Ro R Ro,-8088,-36544,-34792,43520,16368
q188,N,B,Ro,B B B,Ro R R,20384,92114,87720,-109684,-41250
q189,N,B,Ro,B B B,R Ro Ro,-1288,-5818,-5508,6920,2598
q190,N,B,Ro,B B B,R Ro R,-10910,-49262,-46880,58662,22050
q191,N,B,Ro,B B B,R R Ro,3028,13684,13026,-16286,-6126
q192,N,B,Ro,B B B,R R R,-5887,-26575,-25278,31637,11895
q193,N,B,R,Bo Bo Bo,Ro Ro Ro,1848,7728,9360,-10344,-4032
q194,N,B,R,Bo Bo Bo,Ro Ro R,252,756,1152,-1164,-468
q195,N,B,R,Bo Bo Bo,Ro R Ro,24,0,0,0,0
q196,N,B,R,Bo Bo Bo,Ro R R,24,0,0,0,0
q197,N,B,R,Bo Bo Bo,R Ro Ro,-1912,-8716,-9372,10964,4200
q198,N,B,R,Bo Bo Bo,R Ro R,24,0,0,0,0
q199,N,B,R,Bo Bo Bo,R R Ro,24,0,0,0,0
q200,N,B,R,Bo Bo Bo,R R R,24,0,0,0,0
q201,N,B,R,Bo Bo B,Ro Ro Ro,252,756,1152,-1164,-468
q202,N,B,R,Bo Bo B,Ro Ro R,72,72,192,-168,-72
q203,N,B,R,Bo Bo B,Ro R Ro,24,0,0,0,0
q204,N,B,R,Bo Bo B,Ro R R,-6054,-27396,-26232,32706,12312
q205,N,B,R,Bo Bo B,R Ro Ro,-356,-1544,-1728,1996,768
q206,N,B,R,Bo Bo B,R Ro R,-48,-112,-72,136,48
q207,N,B,R,Bo Bo B,R R Ro,1010,4526,4432,-5450,-2058
q208,N,B,R,Bo Bo B,R R R,-5508,-24894,-23796,29700,11178
q209,N,B,R,Bo B Bo,Ro Ro Ro,24,0,0,0,0
q210,N,B,R,Bo B Bo,Ro Ro R,24,0,0,0,0
q211,N,B,R,Bo B Bo,Ro R Ro,8,-24,-64,56,24
q212,N,B,R,Bo B Bo,Ro R R,-1264,-5720,-5464,6832,2568
q213,N,B,R,Bo B Bo,R Ro Ro,-76,-292,-264,356,132
q214,N,B,R,Bo B Bo,R Ro R,-32,-88,-8,80,24
q215,N,B,R,Bo B Bo,R R Ro,308,1372,1348,-1648,-624
q216,N,B,R,Bo B Bo,R R R,-1096,-4940,-4684,5884,2208
q217,N,B,R,Bo B B,Ro Ro Ro,24,0,0,0,0
q218,N,B,R,Bo B B,Ro Ro R,-38271,-172959,-164850,206049,77499
q219,N,B,R,Bo B B,Ro R Ro,-8256,-37324,-35572,44468,16728
q220,N,B,R,Bo B B,Ro R R,29425,132985,126672,-158369,-59559
q221,N,B,R,Bo B B,R Ro Ro,1970,8948,8544,-10654,-4008
q222,N,B,R,Bo B B,R Ro R,25203,113837,108376,-135543,-50967
q223,N,B,R,Bo B B,R R Ro,-8818,-39910,-38088,47570,17898
q224,N,B,R,Bo B B,R R R,27627,124833,118872,-148647,-55899
q225,N,B,R,B Bo Bo,Ro Ro Ro,-1912,-8716,-9372,10964,4200
q226,N,B,R,B Bo Bo,Ro Ro R,-356,-1544,-1728,1996,768
q227,N,B,R,B Bo Bo,Ro R Ro,-76,-292,-264,356,132
q228,N,B,R,B Bo Bo,Ro R R,292,1348,1284,-1592,-600
q229,N,B,R,B Bo Bo,R Ro Ro,1312,5992,6000,-7280,-2760
q230,N,B,R,B Bo Bo,R Ro R,64,280,168,-272,-96
q231,N,B,R,B Bo Bo,R R Ro,-136,-580,-600,728,276
q232,N,B,R,B Bo Bo,R R R,232,1060,948,-1220,-456
q233,N,B,R,B Bo B,Ro Ro Ro,24,0,0,0,0
q234,N,B,R,B Bo B,Ro Ro R,-48,-112,-72,136,48
q235,N,B,R,B Bo B,Ro R Ro,-32,-88,-8,80,24
q236,N,B,R,B Bo B,Ro R R,4132,18662,17768,-22208,-8358
q237,N,B,R,B Bo B,R Ro Ro,64,280,168,-272,-96
q238,N,B,R,B Bo B,R Ro R,80,304,232,-328,-120
q239,N,B,R,B Bo B,R R Ro,-734,-3302,-3108,3922,1470
q240,N,B,R,B Bo B,R R R,2370,10674,10116,-12678,-4770
q241,N,B,R,B B Bo,Ro Ro Ro,24,0,0,0,0
q242,N,B,R,B B Bo,Ro Ro R,6184,27928,26746,-33330,-12546
q243,N,B,R,B B Bo,Ro R Ro,1986,8972,8608,-10710,-4032
q244,N,B,R,B B Bo,Ro R R,-5322,-24108,-23034,28752,10818
q245,N,B,R,B B Bo,R Ro Ro,-926,-4178,-4080,5038,1902
q246,N,B,R,B B Bo,R Ro R,-3922,-17696,-16798,21052,7914
q247,N,B,R,B B Bo,R R Ro,2210,10052,9756,-12058,-4548
q248,N,B,R,B B Bo,R R R,-4484,-20282,-19314,24154,9084
q249,N,B,R,B B B,Ro Ro Ro,24,0,0,0,0
q250,N,B,R,B B B,Ro Ro R,-37725,-170457,-162414,203043,76365
q251,N,B,R,B B B,Ro R Ro,-8088,-36544,-34792,43520,16368
q252,N,B,R,B B B,Ro R R,20384,92114,87720,-109684,-41250
q253,N,B,R,B B B,R Ro Ro,1910,8660,8208,-10282,-3864
q254,N,B,R,B B B,R Ro R,16198,73130,69572,-87050,-32730
q255,N,B,R,B B B,R R Ro,-4484,-20282,-19314,24154,9084
q256,N,B,R,B B B,R R R,8747,39479,37524,-46975,-17661
q257,B,B,Ro,Bo Bo Bo,Ro Ro Ro,1848,7728,9360,-10344,-4032
q258,B,B,Ro,Bo Bo Bo,Ro Ro R,252,756,1152,-1164,-468
q259,B,B,Ro,Bo Bo Bo,Ro R Ro,24,0,0,0,0
q260,B,B,Ro,Bo Bo Bo,Ro R R,24,0,0,0,0
q261,B,B,Ro,Bo Bo Bo,R Ro Ro,884,4064,4116,-4960,-1884
q262,B,B,Ro,Bo Bo Bo,R Ro R,-12,-36,-96,84,36
q263,B,B,Ro,Bo Bo Bo,R R Ro,-12,-36,-96,84,36
q264,B,B,Ro,Bo Bo Bo,R R R,-12,-36,-96,84,36
q265,B,B,Ro,Bo Bo B,Ro Ro Ro,252,756,1152,-1164,-468
q266,B,B,Ro,Bo Bo B,Ro Ro R,72,72,192,-168,-72
q267,B,B,Ro,Bo Bo B,Ro R Ro,24,0,0,0,0
q268,B,B,Ro,Bo Bo B,Ro R R,-6054,-27396,-26232,32706,12312
q269,B,B,Ro,Bo Bo B,R Ro Ro,136,604,600,-728,-276
q270,B,B,Ro,Bo Bo B,R Ro R,4,-12,-32,28,12
q271,B,B,Ro,Bo Bo B,R R Ro,-654,-2962,-2860,3554,1338
q272,B,B,Ro,Bo Bo B,R R R,2258,10194,9704,-12130,-4566
q273,B,B,Ro,Bo B Bo,Ro Ro Ro,24,0,0,0,0
q274,B,B,Ro,Bo B Bo,Ro Ro R,24,0,0,0,0
q275,B,B,Ro,Bo B Bo,Ro R Ro,8,-24,-64,56,24
q276,B,B,Ro,Bo B Bo,Ro R R,-1264,-5720,-5464,6832,2568
q277,B,B,Ro,Bo B Bo,R Ro Ro,32,128,96,-136,-48
q278,B,B,Ro,Bo B Bo,R Ro R,32,128,96,-136,-48
q279,B,B,Ro,Bo B Bo,R R Ro,-212,-968,-948,1168,444
q280,B,B,Ro,Bo B Bo,R R R,290,1298,1212,-1534,-570
q281,B,B,Ro,Bo B B,Ro Ro Ro,24,0,0,0,0
q282,B,B,Ro,Bo B B,Ro Ro R,-38271,-172959,-164850,206049,77499
q283,B,B,Ro,Bo B B,Ro R Ro,-8256,-37324,-35572,44468,16728
q284,B,B,Ro,Bo B B,Ro R R,29425,132985,126672,-158369,-59559
q285,B,B,Ro,Bo B B,R Ro Ro,-1348,-6106,-5844,7292,2742
q286,B,B,Ro,Bo B B,R Ro R,-5443,-24577,-23390,29269,11001
q287,B,B,Ro,Bo B B,R R Ro,3196,14464,13806,-17234,-6486
q288,B,B,Ro,Bo B B,R R R,-6265,-28297,-26934,33695,12669
q289,B,B,Ro,B Bo Bo,Ro Ro Ro,-1912,-8716,-9372,10964,4200
q290,B,B,Ro,B Bo Bo,Ro Ro R,-356,-1544,-1728,1996,768
q291,B,B,Ro,B Bo Bo,Ro R Ro,-76,-292,-264,356,132
q292,B,B,Ro,B Bo Bo,Ro R R,292,1348,1284,-1592,-600
q293,B,B,Ro,B Bo Bo,R Ro Ro,-292,-1324,-1284,1592,600
q294,B,B,Ro,B Bo Bo,R Ro R,60,288,336,-372,-144
q295,B,B,Ro,B Bo Bo,R R Ro,60,288,336,-372,-144
q296,B,B,Ro,B Bo Bo,R R R,60,288,336,-372,-144
q297,B,B,Ro,B Bo B,Ro Ro Ro,24,0,0,0,0
q298,B,B,Ro,B Bo B,Ro Ro R,-48,-112,-72,136,48
q299,B,B,Ro,B Bo B,Ro R Ro,-32,-88,-8,80,24
q300,B,B,Ro,B Bo B,Ro R R,4132,18662,17768,-22208,-8358
q301,B,B,Ro,B Bo B,R Ro Ro,-44,-188,-168,220,84
q302,B,B,Ro,B Bo B,R Ro R,-44,-188,-168,220,84
q303,B,B,Ro,B Bo B,R R Ro,458,2078,1992,-2482,-930
q304,B,B,Ro,B Bo B,R R R,-584,-2630,-2496,3124,1182
q305,B,B,Ro,B B Bo,Ro Ro Ro,24,0,0,0,0
q306,B,B,Ro,B B Bo,Ro Ro R,6184,27928,26746,-33330,-12546
q307,B,B,Ro,B B Bo,Ro R Ro,1986,8972,8608,-10710,-4032
q308,B,B,Ro,B B Bo,Ro R R,-5322,-24108,-23034,28752,10818
q309,B,B,Ro,B B Bo,R Ro Ro,622,2818,2700,-3362,-1266
q310,B,B,Ro,B B Bo,R Ro R,-168,-780,-780,948,360
q311,B,B,Ro,B B Bo,R R Ro,-168,-780,-780,948,360
q312,B,B,Ro,B B Bo,R R R,-168,-780,-780,948,360
q313,B,B,Ro,B B B,Ro Ro Ro,24,0,0,0,0
q314,B,B,Ro,B B B,Ro Ro R,-37725,-170457,-162414,203043,76365
q315,B,B,Ro,B B B,Ro R Ro,-8088,-36544,-34792,43520,16368
q316,B,B,Ro,B B B,Ro R R,20384,92114,87720,-109684,-41250
q317,B,B,Ro,B B B,R Ro Ro,-1300,-5878,-5604,7004,2634
q318,B,B,Ro,B B B,R Ro R,378,1722,1656,-2058,-774
q319,B,B,Ro,B B B,R R Ro,378,1722,1656,-2058,-774
q320,B,B,Ro,B B B,R R R,378,1722,1656,-2058,-774
q321,B,B,R,Bo Bo Bo,Ro Ro Ro,1848,7728,9360,-10344,-4032
q322,B,B,R,Bo Bo Bo,Ro Ro R,252,756,1152,-1164,-468
q323,B,B,R,Bo Bo Bo,Ro R Ro,24,0,0,0,0
q324,B,B,R,Bo Bo Bo,Ro R R,24,0,0,0,0
q325,B,B,R,Bo Bo Bo,R Ro Ro,-1240,-5608,-5844,6956,2652
q326,B,B,R,Bo Bo Bo,R Ro R,36,36,96,-84,-36
q327,B,B,R,Bo Bo Bo,R R Ro,36,36,96,-84,-36
q328,B,B,R,Bo Bo Bo,R R R,36,36,96,-84,-36
q329,B,B,R,Bo Bo B,Ro Ro Ro,252,756,1152,-1164,-468
q330,B,B,R,Bo Bo B,Ro Ro R,72,72,192,-168,-72
q331,B,B,R,Bo Bo B,Ro R Ro,24,0,0,0,0
q332,B,B,R,Bo Bo B,Ro R R,-6054,-27396,-26232,32706,12312
q333,B,B,R,Bo Bo B,R Ro Ro,-212,-896,-864,1084,408
q334,B,B,R,Bo Bo B,R Ro R,-36,-76,24,52,12
q335,B,B,R,Bo Bo B,R R Ro,962,4334,4208,-5202,-1962
q336,B,B,R,Bo Bo B,R R R,-3354,-15134,-14388,18014,6774
q337,B,B,R,Bo B Bo,Ro Ro Ro,24,0,0,0,0
q338,B,B,R,Bo B Bo,Ro Ro R,24,0,0,0,0
q339,B,B,R,Bo B Bo,Ro R Ro,8,-24,-64,56,24
q340,B,B,R,Bo B Bo,Ro R R,-1264,-5720,-5464,6832,2568
q341,B,B,R,Bo B Bo,R Ro Ro,-64,-256,-168,272,96
q342,B,B,R,Bo B Bo,R Ro R,-64,-256,-168,272,96
q343,B,B,R,Bo B Bo,R R Ro,304,1384,1380,-1676,-636
q344,B,B,R,Bo B Bo,R R R,-442,-1978,-1824,2330,870
q345,B,B,R,Bo B B,Ro Ro Ro,24,0,0,0,0
q346,B,B,R,Bo B B,Ro Ro R,-38271,-172959,-164850,206049,77499
q347,B,B,R,Bo B B,Ro R Ro,-8256,-37324,-35572,44468,16728
q348,B,B,R,Bo B B,Ro R R,29425,132985,126672,-158369,-59559
q349,B,B,R,Bo B B,R Ro Ro,1982,8984,8640,-10738,-4044
q350,B,B,R,Bo B B,R Ro R,8081,36483,34712,-43429,-16329
q351,B,B,R,Bo B B,R R Ro,-4712,-21350,-20430,25474,9588
q352,B,B,R,Bo B B,R R R,9293,41981,39960,-49981,-18795
q353,B,B,R,B Bo Bo,Ro Ro Ro,-1912,-8716,-9372,10964,4200
q354,B,B,R,B Bo Bo,Ro Ro R,-356,-1544,-1728,1996,768
q355,B,B,R,B Bo Bo,Ro R Ro,-76,-292,-264,356,132
q356,B,B,R,B Bo Bo,Ro R R,292,1348,1284,-1592,-600
q357,B,B,R,B Bo Bo,R Ro Ro,428,1928,1884,-2320,-876
q358,B,B,R,B Bo Bo,R Ro R,-72,-324,-432,456,180
q359,B,B,R,B Bo Bo,R R Ro,-72,-324,-432,456,180
q360,B,B,R,B Bo Bo,R R R,-72,-324,-432,456,180
q361,B,B,R,B Bo B,Ro Ro Ro,24,0,0,0,0
q362,B,B,R,B Bo B,Ro Ro R,-48,-112,-72,136,48
q363,B,B,R,B Bo B,Ro R Ro,-32,-88,-8,80,24
q364,B,B,R,B Bo B,Ro R R,4132,18662,17768,-22208,-8358
q365,B,B,R,B Bo B,R Ro Ro,76,316,264,-356,-132
q366,B,B,R,B Bo B,R Ro R,76,316,264,-356,-132
q367,B,B,R,B Bo B,R R Ro,-670,-3046,-2940,3650,1374
q368,B,B,R,B Bo B,R R R,874,3928,3708,-4658,-1752
q369,B,B,R,B B Bo,Ro Ro Ro,24,0,0,0,0
q370,B,B,R,B B Bo,Ro Ro R,6184,27928,26746,-33330,-12546
q371,B,B,R,B B Bo,Ro R Ro,1986,8972,8608,-10710,-4032
q372,B,B,R,B B Bo,Ro R R,-5322,-24108,-23034,28752,10818
q373,B,B,R,B B Bo,R Ro Ro,-914,-4142,-3984,4954,1866
q374,B,B,R,B B Bo,R Ro R,228,1068,1116,-1320,-504
q375,B,B,R,B B Bo,R R Ro,228,1068,1116,-1320,-504
q376,B,B,R,B B Bo,R R R,228,1068,1116,-1320,-504
q377,B,B,R,B B B,Ro Ro Ro,24,0,0,0,0
q378,B,B,R,B B B,Ro Ro R,-37725,-170457,-162414,203043,76365
q379,B,B,R,B B B,Ro R Ro,-8088,-36544,-34792,43520,16368
q380,B,B,R,B B B,Ro R R,20384,92114,87720,-109684,-41250
q381,B,B,R,B B B,R Ro Ro,1922,8696,8304,-10366,-3900
q382,B,B,R,B B B,R Ro R,-546,-2502,-2436,3006,1134
q383,B,B,R,B B B,R R Ro,-546,-2502,-2436,3006,1134
q384,B,B,R,B B B,R R R,-546,-2502,-2436,3006,1134
