state_id,lower_bound,upper_bound
q001,302032528124342360913/15258789062500000000,310783317496283596569417/15625000000000000000000
q002,1307124901322348952723/61035156250000000000,5356738890756810823468203/250000000000000000000000
q003,24,24
q004,24,24
q005,193017018217252414037/7629394531250000000,6343018178819329276139881/250000000000000000000000
q006,3475269/125000,434409/15625
q007,3475269/125000,434409/15625
q008,3475269/125000,434409/15625
q009,1307124901322348952723/61035156250000000000,5356738890756810823468203/250000000000000000000000
q010,678634831223355313671/30517578125000000000,2779893379016877248420631/125000000000000000000000
q011,24,24
q012,2779692602105133360822099/125000000000000000000000,343840626897002173317/15258789062500000000
q013,1583419275079495632929/61035156250000000000,6489075376272791178923219/250000000000000000000000
q014,830525331110910104557/30517578125000000000,3401903126338959082806877/125000000000000000000000
q015,2570603716284026403276781/100000000000000000000000,628417686228102892071/24414062500000000000
q016,290585672923023658557/12207031250000000000,599667921129969471583251/25000000000000000000000
q017,24,24
q018,24,24
q019,3073368873661040917193123/125000000000000000000000,750350889592214895443/30517578125000000000
q020,2814654599037839674664161/125000000000000000000000,344529553077557882763/15258789062500000000
q021,1597199868462822356899/61035156250000000000,6542640872218515777648139/250000000000000000000000
q022,1658423/62500,414606/15625
q023,1499007368821390232488107/62500000000000000000000,1464505360786195657823/61035156250000000000
q024,332568290349622859659/15258789062500000000,5457724862501813343245871/250000000000000000000000
q025,24,24
q026,21674808695203375655946459/1000000000000000000000000,5747343891476038322769/244140625000000000000
q027,2812699172144420360106731/125000000000000000000000,1397971833054308294417/61035156250000000000
q028,4448448593505003145121/244140625000000000000,19655225089345177098929081/1000000000000000000000000
q029,12388528027705189903098473/500000000000000000000000,3032502912419463188543/122070312500000000000
q030,22690966037232141892065227/1000000000000000000000000,5741798922968832520657/244140625000000000000
q031,498951550482421992721/24414062500000000000,2072810900246013680771431/100000000000000000000000
q032,16590964601740850566818003/1000000000000000000000000,4272131163635907003273/244140625000000000000
q033,193017018217252414037/7629394531250000000,6343018178819329276139881/250000000000000000000000
q034,1583419275079495632929/61035156250000000000,6489075376272791178923219/250000000000000000000000
q035,1597199868462822356899/61035156250000000000,6542640872218515777648139/250000000000000000000000
q036,3083069863981739547783091/125000000000000000000000,1506002312070515866937/61035156250000000000
q037,144370408820475006377/6103515625000000000,592134479472813647475647/25000000000000000000000
q038,740915542571359323307/30517578125000000000,3034858798786959082806877/125000000000000000000000
q039,5259315485552944594124353/250000000000000000000000,1284211639336320724873/61035156250000000000
q040,588894874961114646547/30517578125000000000,4825414517787007704716909/250000000000000000000000
q041,3475269/125000,434409/15625
q042,830525331110910104557/30517578125000000000,3401903126338959082806877/125000000000000000000000
q043,1658423/62500,414606/15625
q044,5700955649900557697460933/250000000000000000000000,1400124011768906003653/61035156250000000000
q045,740915542571359323307/30517578125000000000,3034858798786959082806877/125000000000000000000000
q046,716859123943744037239/30517578125000000000,1468195880674959082806877/62500000000000000000000
q047,9541942111363729783664161/500000000000000000000000,2331498175442304156151/122070312500000000000
q048,1925564538526385487783/122070312500000000000,7913360746778407059737613/500000000000000000000000
q049,3475269/125000,434409/15625
q050,2569821545526658677453809/100000000000000000000000,79048551297114780593/3051757812500000000
q051,2409661504469870714374193/100000000000000000000000,589901801970164554063/24414062500000000000
q052,2494113084877755272301/122070312500000000000,5151947537832499031388093/250000000000000000000000
q053,10661043281601646107775327/500000000000000000000000,2605409834560030483507/122070312500000000000
q054,48151535259232202034369/2500000000000000000000,94468386974789236257/4882812500000000000
q055,38370781313915100649/2441406250000000000,157673205945466107348139/10000000000000000000000
q056,6353950639906246869061747/500000000000000000000000,781700941067567253551/61035156250000000000
q057,3475269/125000,434409/15625
q058,5684941321800930201633/244140625000000000000,24525983844115438319271213/1000000000000000000000000
q059,66545891446642306497/3051757812500000000,137947107201672092108171/6250000000000000000000
q060,2081300177114532879579557/125000000000000000000000,528573056210085412187/30517578125000000000
q061,14825423546583851033/762939453125000000,973699277429154061699433/50000000000000000000000
q062,1922741556559422725711/122070312500000000000,8054439874010910763406821/500000000000000000000000
q063,6353950639906246869061747/500000000000000000000000,781700941067567253551/61035156250000000000
q064,2206071472031844646747/244140625000000000000,9229079580289468505168467/1000000000000000000000000
q065,302032528124342360913/15258789062500000000,310783317496283596569417/15625000000000000000000
q066,1307124901322348952723/61035156250000000000,5356738890756810823468203/250000000000000000000000
q067,24,24
q068,24,24
q069,109170883427738288291861/5000000000000000000000,53551908479809961827/2441406250000000000
q070,24,24
q071,24,24
q072,24,24
q073,1307124901322348952723/61035156250000000000,5356738890756810823468203/250000000000000000000000
q074,678634831223355313671/30517578125000000000,2779893379016877248420631/125000000000000000000000
q075,24,24
q076,2779692602105133360822099/125000000000000000000000,343840626897002173317/15258789062500000000
q077,5467299299735644548203/244140625000000000000,170993168326113335419/7629394531250000000
q078,1468292372363590367693123/62500000000000000000000,716973961064592650261/30517578125000000000
q079,2706748030477741113051/122070312500000000000,11111605955440284094758811/500000000000000000000000
q080,10264946077953866033788149/500000000000000000000000,2538939424773079804059/122070312500000000000
q081,24,24
q082,24,24
q083,3073368873661040917193123/125000000000000000000000,750350889592214895443/30517578125000000000
q084,2814654599037839674664161/125000000000000000000000,344529553077557882763/15258789062500000000
q085,5647376617235845693124353/250000000000000000000000,1378946784135112943623/61035156250000000000
q086,2863215871066139818193123/125000000000000000000000,349522473236188877409/15258789062500000000
q087,1263367568587307577589/61035156250000000000,1294626503938072472489401/62500000000000000000000
q088,587830369945820215566829/31250000000000000000000,1151353861431400964637/61035156250000000000
q089,24,24
q090,21674808695203375655946459/1000000000000000000000000,5747343891476038322769/244140625000000000000
q091,2812699172144420360106731/125000000000000000000000,1397971833054308294417/61035156250000000000
q092,4448448593505003145121/244140625000000000000,19655225089345177098929081/1000000000000000000000000
q093,651713059947895992269/30517578125000000000,2681486291347551449498459/125000000000000000000000
q094,4678755564082142568873/244140625000000000000,20391705245671946266033353/1000000000000000000000000
q095,8805459273164792155085909/500000000000000000000000,2202377228925266918969/122070312500000000000
q096,3383181308416830460581/244140625000000000000,15203769240176063068539141/1000000000000000000000000
q097,193017018217252414037/7629394531250000000,6343018178819329276139881/250000000000000000000000
q098,1583419275079495632929/61035156250000000000,6489075376272791178923219/250000000000000000000000
q099,1597199868462822356899/61035156250000000000,6542640872218515777648139/250000000000000000000000
q100,3083069863981739547783091/125000000000000000000000,1506002312070515866937/61035156250000000000
q101,31899580942934323755623/1562500000000000000000,31222372225667159897/1525878906250000000
q102,1309868372363590367693123/62500000000000000000000,639618980595842650261/30517578125000000000
q103,277079804609000808853/15258789062500000000,283802468189865676244377/15625000000000000000000
q104,166573533871312565513123/10000000000000000000000,20342433240873934909/1220703125000000000
q105,3475269/125000,434409/15625
q106,830525331110910104557/30517578125000000000,3401903126338959082806877/125000000000000000000000
q107,1658423/62500,414606/15625
q108,5700955649900557697460933/250000000000000000000000,1400124011768906003653/61035156250000000000
q109,1309868372363590367693123/62500000000000000000000,639618980595842650261/30517578125000000000
q110,2534681618388221652579369/125000000000000000000000,77358813119210318213/3814697265625000000
q111,2009982194633953480291/122070312500000000000,8244719356996792041520951/500000000000000000000000
q112,6805765552547587900707051/500000000000000000000000,1671002432035196727891/122070312500000000000
q113,3475269/125000,434409/15625
q114,2569821545526658677453809/100000000000000000000000,79048551297114780593/3051757812500000000
q115,2409661504469870714374193/100000000000000000000000,589901801970164554063/24414062500000000000
q116,2494113084877755272301/122070312500000000000,5151947537832499031388093/250000000000000000000000
q117,2245537769398547157619/122070312500000000000,9213385193095395701092309/500000000000000000000000
q118,2024208987363818174741/122070312500000000000,1044412097496897755563347/62500000000000000000000
q119,6780985746689670655844591/500000000000000000000000,1664632068917913694031/122070312500000000000
q120,666449241807129384161/61035156250000000000,5533312419728388413821417/500000000000000000000000
q121,3475269/125000,434409/15625
q122,5684941321800930201633/244140625000000000000,24525983844115438319271213/1000000000000000000000000
q123,66545891446642306497/3051757812500000000,137947107201672092108171/6250000000000000000000
q124,2081300177114532879579557/125000000000000000000000,528573056210085412187/30517578125000000000
q125,8384925265343859987622259/500000000000000000000000,2054741612365824945569/122070312500000000000
q126,271162227158009987469081/20000000000000000000000,68795220520167565121/4882812500000000000
q127,666449241807129384161/61035156250000000000,5533312419728388413821417/500000000000000000000000
q128,1555872454041842912946539/200000000000000000000000,393839497766075717549/48828125000000000000
q129,302032528124342360913/15258789062500000000,310783317496283596569417/15625000000000000000000
q130,1307124901322348952723/61035156250000000000,5356738890756810823468203/250000000000000000000000
q131,24,24
q132,24,24
q133,193017018217252414037/7629394531250000000,6343018178819329276139881/250000000000000000000000
q134,3475269/125000,434409/15625
q135,3475269/125000,434409/15625
q136,3475269/125000,434409/15625
q137,1307124901322348952723/61035156250000000000,5356738890756810823468203/250000000000000000000000
q138,678634831223355313671/30517578125000000000,2779893379016877248420631/125000000000000000000000
q139,24,24
q140,2779692602105133360822099/125000000000000000000000,343840626897002173317/15258789062500000000
q141,1583419275079495632929/61035156250000000000,6489075376272791178923219/250000000000000000000000
q142,830525331110910104557/30517578125000000000,3401903126338959082806877/125000000000000000000000
q143,2570603716284026403276781/100000000000000000000000,628417686228102892071/24414062500000000000
q144,290585672923023658557/12207031250000000000,599667921129969471583251/25000000000000000000000
q145,24,24
q146,24,24
q147,3073368873661040917193123/125000000000000000000000,750350889592214895443/30517578125000000000
q148,2814654599037839674664161/125000000000000000000000,344529553077557882763/15258789062500000000
q149,1597199868462822356899/61035156250000000000,6542640872218515777648139/250000000000000000000000
q150,1658423/62500,414606/15625
q151,1499007368821390232488107/62500000000000000000000,1464505360786195657823/61035156250000000000
q152,332568290349622859659/15258789062500000000,5457724862501813343245871/250000000000000000000000
q153,24,24
q154,21674808695203375655946459/1000000000000000000000000,5747343891476038322769/244140625000000000000
q155,2812699172144420360106731/125000000000000000000000,1397971833054308294417/61035156250000000000
q156,4448448593505003145121/244140625000000000000,19655225089345177098929081/1000000000000000000000000
q157,12388528027705189903098473/500000000000000000000000,3032502912419463188543/122070312500000000000
q158,22690966037232141892065227/1000000000000000000000000,5741798922968832520657/244140625000000000000
q159,498951550482421992721/24414062500000000000,2072810900246013680771431/100000000000000000000000
q160,16590964601740850566818003/1000000000000000000000000,4272131163635907003273/244140625000000000000
q161,109170883427738288291861/5000000000000000000000,53551908479809961827/2441406250000000000
q162,5467299299735644548203/244140625000000000000,170993168326113335419/7629394531250000000
q163,5647376617235845693124353/250000000000000000000000,1378946784135112943623/61035156250000000000
q164,51969023910869494739/2441406250000000000,106504875261487434486877/5000000000000000000000
q165,31899580942934323755623/1562500000000000000000,31222372225667159897/1525878906250000000
q166,1309868372363590367693123/62500000000000000000000,639618980595842650261/30517578125000000000
q167,277079804609000808853/15258789062500000000,283802468189865676244377/15625000000000000000000
q168,166573533871312565513123/10000000000000000000000,20342433240873934909/1220703125000000000
q169,24,24
q170,1468292372363590367693123/62500000000000000000000,716973961064592650261/30517578125000000000
q171,2863215871066139818193123/125000000000000000000000,349522473236188877409/15258789062500000000
q172,2394513092189101460401/122070312500000000000,9908528067542397998979661/500000000000000000000000
q173,1309868372363590367693123/62500000000000000000000,639618980595842650261/30517578125000000000
q174,2534681618388221652579369/125000000000000000000000,77358813119210318213/3814697265625000000
q175,2009982194633953480291/122070312500000000000,8244719356996792041520951/500000000000000000000000
q176,6805765552547587900707051/500000000000000000000000,1671002432035196727891/122070312500000000000
q177,24,24
q178,673823863495443395453/30517578125000000000,11190974448468585073179807/500000000000000000000000
q179,316892022677840548413/15258789062500000000,326014677210813816538167/15625000000000000000000
q180,8809370126951630784200769/500000000000000000000000,545630902045297538901/30517578125000000000
q181,2245537769398547157619/122070312500000000000,9213385193095395701092309/500000000000000000000000
q182,2024208987363818174741/122070312500000000000,1044412097496897755563347/62500000000000000000000
q183,6780985746689670655844591/500000000000000000000000,1664632068917913694031/122070312500000000000
q184,666449241807129384161/61035156250000000000,5533312419728388413821417/500000000000000000000000
q185,24,24
q186,3993432006854008167389193/200000000000000000000000,1064754542134032631563/48828125000000000000
q187,1174683026444930773854943/62500000000000000000000,585603741087738864001/30517578125000000000
q188,2740350949842675827/195312500000000000,12019210859096407933247/800000000000000000000
q189,8384925265343859987622259/500000000000000000000000,2054741612365824945569/122070312500000000000
q190,271162227158009987469081/20000000000000000000000,68795220520167565121/4882812500000000000
q191,666449241807129384161/61035156250000000000,5533312419728388413821417/500000000000000000000000
q192,1555872454041842912946539/200000000000000000000000,393839497766075717549/48828125000000000000
q193,302032528124342360913/15258789062500000000,310783317496283596569417/15625000000000000000000
q194,1307124901322348952723/61035156250000000000,5356738890756810823468203/250000000000000000000000
q195,24,24
q196,24,24
q197,109170883427738288291861/5000000000000000000000,53551908479809961827/2441406250000000000
q198,24,24
q199,24,24
q200,24,24
q201,1307124901322348952723/61035156250000000000,5356738890756810823468203/250000000000000000000000
q202,678634831223355313671/30517578125000000000,2779893379016877248420631/125000000000000000000000
q203,24,24
q204,2779692602105133360822099/125000000000000000000000,343840626897002173317/15258789062500000000
q205,5467299299735644548203/244140625000000000000,170993168326113335419/7629394531250000000
q206,1468292372363590367693123/62500000000000000000000,716973961064592650261/30517578125000000000
q207,2706748030477741113051/122070312500000000000,11111605955440284094758811/500000000000000000000000
q208,10264946077953866033788149/500000000000000000000000,2538939424773079804059/122070312500000000000
q209,24,24
q210,24,24
q211,3073368873661040917193123/125000000000000000000000,750350889592214895443/30517578125000000000
q212,2814654599037839674664161/125000000000000000000000,344529553077557882763/15258789062500000000
q213,5647376617235845693124353/250000000000000000000000,1378946784135112943623/61035156250000000000
q214,2863215871066139818193123/125000000000000000000000,349522473236188877409/15258789062500000000
q215,1263367568587307577589/61035156250000000000,1294626503938072472489401/62500000000000000000000
q216,587830369945820215566829/31250000000000000000000,1151353861431400964637/61035156250000000000
q217,24,24
q218,21674808695203375655946459/1000000000000000000000000,5747343891476038322769/244140625000000000000
q219,2812699172144420360106731/125000000000000000000000,1397971833054308294417/61035156250000000000
q220,4448448593505003145121/244140625000000000000,19655225089345177098929081/1000000000000000000000000
q221,651713059947895992269/30517578125000000000,2681486291347551449498459/125000000000000000000000
q222,4678755564082142568873/244140625000000000000,20391705245671946266033353/1000000000000000000000000
q223,8805459273164792155085909/500000000000000000000000,2202377228925266918969/122070312500000000000
q224,3383181308416830460581/244140625000000000000,15203769240176063068539141/1000000000000000000000000
q225,109170883427738288291861/5000000000000000000000,53551908479809961827/2441406250000000000
q226,5467299299735644548203/244140625000000000000,170993168326113335419/7629394531250000000
q227,5647376617235845693124353/250000000000000000000000,1378946784135112943623/61035156250000000000
q228,51969023910869494739/2441406250000000000,106504875261487434486877/5000000000000000000000
q229,107430541592673248561/6103515625000000000,441694580600366597558171/25000000000000000000000
q230,552085413023890871353/30517578125000000000,565409250468409632306877/31250000000000000000000
q231,3918740619399633402441829/250000000000000000000000,957127661532326751439/61035156250000000000
q232,877406475168951176291/61035156250000000000,1798303882619079716830663/125000000000000000000000
q233,24,24
q234,1468292372363590367693123/62500000000000000000000,716973961064592650261/30517578125000000000
q235,2863215871066139818193123/125000000000000000000000,349522473236188877409/15258789062500000000
q236,2394513092189101460401/122070312500000000000,9908528067542397998979661/500000000000000000000000
q237,552085413023890871353/30517578125000000000,565409250468409632306877/31250000000000000000000
q238,53415639843167597591/3051757812500000000,437653625642519522406877/25000000000000000000000
q239,1421126463961026918863027/100000000000000000000000,347819761326247645457/24414062500000000000
q240,285898093464787455813/24414062500000000000,1182519730412190874693443/100000000000000000000000
q241,24,24
q242,673823863495443395453/30517578125000000000,11190974448468585073179807/500000000000000000000000
q243,316892022677840548413/15258789062500000000,326014677210813816538167/15625000000000000000000
q244,8809370126951630784200769/500000000000000000000000,545630902045297538901/30517578125000000000
q245,7938303280755860850219991/500000000000000000000000,1943645800682978105431/122070312500000000000
q246,7150282738046596108729237/500000000000000000000000,884469133846288489971/61035156250000000000
q247,356135986421551461989/30517578125000000000,2944835721039074813306383/250000000000000000000000
q248,2352472661316853411694111/250000000000000000000000,1175371830509227310077/122070312500000000000
q249,24,24
q250,3993432006854008167389193/200000000000000000000000,1064754542134032631563/48828125000000000000
q251,1174683026444930773854943/62500000000000000000000,585603741087738864001/30517578125000000000
q252,2740350949842675827/195312500000000000,12019210859096407933247/800000000000000000000
q253,440803498646502896177/30517578125000000000,1817168292429445304157197/125000000000000000000000
q254,279096769323832852937/24414062500000000000,1222009074840350586302807/100000000000000000000000
q255,2352472661316853411694111/250000000000000000000000,1175371830509227310077/122070312500000000000
q256,1603656881913461214559/244140625000000000000,6993927523284032762084899/1000000000000000000000000
q257,302032528124342360913/15258789062500000000,310783317496283596569417/15625000000000000000000
q258,1307124901322348952723/61035156250000000000,5356738890756810823468203/250000000000000000000000
q259,24,24
q260,24,24
q261,366103739843660934287/30517578125000000000,3010442662328927653679689/250000000000000000000000
q262,3220106620983122751579369/250000000000000000000000,786208918776644686329/61035156250000000000
q263,3220106620983122751579369/250000000000000000000000,786208918776644686329/61035156250000000000
q264,3220106620983122751579369/250000000000000000000000,786208918776644686329/61035156250000000000
q265,1307124901322348952723/61035156250000000000,5356738890756810823468203/250000000000000000000000
q266,678634831223355313671/30517578125000000000,2779893379016877248420631/125000000000000000000000
q267,24,24
q268,2779692602105133360822099/125000000000000000000000,343840626897002173317/15258789062500000000
q269,739781029873923248561/61035156250000000000,3031803380600366597558171/250000000000000000000000
q270,3073368873661040917193123/250000000000000000000000,750350889592214895443/61035156250000000000
q271,5550254073179245406066429/500000000000000000000000,1358975103500588965039/122070312500000000000
q272,1225955635102741005377/122070312500000000000,5076465377429532370033397/500000000000000000000000
q273,24,24
q274,24,24
q275,3073368873661040917193123/125000000000000000000000,750350889592214895443/30517578125000000000
q276,2814654599037839674664161/125000000000000000000000,344529553077557882763/15258789062500000000
q277,171625023958304260807/15258789062500000000,703050873300409632306877/62500000000000000000000
q278,171625023958304260807/15258789062500000000,703050873300409632306877/62500000000000000000000
q279,2435702348946601847145551/250000000000000000000000,297651269720455276633/30517578125000000000
q280,218102140945036105333/24414062500000000000,894728969522350046530663/100000000000000000000000
q281,24,24
q282,21674808695203375655946459/1000000000000000000000000,5747343891476038322769/244140625000000000000
q283,2812699172144420360106731/125000000000000000000000,1397971833054308294417/61035156250000000000
q284,4448448593505003145121/244140625000000000000,19655225089345177098929081/1000000000000000000000000
q285,4927653269671435406257211/500000000000000000000000,1211103367160252561201/122070312500000000000
q286,8830346694851724547182041/1000000000000000000000000,2220545145787394245731/244140625000000000000
q287,219842445464149408873/30517578125000000000,3679979942710153164234037/500000000000000000000000
q288,5780345977106078884558429/1000000000000000000000000,1485711266120931487039/244140625000000000000
q289,109170883427738288291861/5000000000000000000000,53551908479809961827/2441406250000000000
q290,5467299299735644548203/244140625000000000000,170993168326113335419/7629394531250000000
q291,5647376617235845693124353/250000000000000000000000,1378946784135112943623/61035156250000000000
q292,51969023910869494739/2441406250000000000,106504875261487434486877/5000000000000000000000
q293,32506004738512565513123/5000000000000000000000,15907323745380505261/2441406250000000000
q294,52727390325348274023/7629394531250000000,432158999459053072670631/62500000000000000000000
q295,52727390325348274023/7629394531250000000,432158999459053072670631/62500000000000000000000
q296,52727390325348274023/7629394531250000000,432158999459053072670631/62500000000000000000000
q297,24,24
q298,1468292372363590367693123/62500000000000000000000,716973961064592650261/30517578125000000000
q299,2863215871066139818193123/125000000000000000000000,349522473236188877409/15258789062500000000
q300,2394513092189101460401/122070312500000000000,9908528067542397998979661/500000000000000000000000
q301,1509036110437484222351861/250000000000000000000000,368538188562079986851/61035156250000000000
q302,1509036110437484222351861/250000000000000000000000,368538188562079986851/61035156250000000000
q303,127396400593503878767/24414062500000000000,524062474118702996613187/100000000000000000000000
q304,2393600739112093648045231/500000000000000000000000,587834583132880152271/122070312500000000000
q305,24,24
q306,673823863495443395453/30517578125000000000,11190974448468585073179807/500000000000000000000000
q307,316892022677840548413/15258789062500000000,326014677210813816538167/15625000000000000000000
q308,8809370126951630784200769/500000000000000000000000,545630902045297538901/30517578125000000000
q309,424138224139336530277/122070312500000000000,1752510435061641204251047/500000000000000000000000
q310,92666623850911762479369/25000000000000000000000,45352870175766113283/12207031250000000000
q311,92666623850911762479369/25000000000000000000000,45352870175766113283/12207031250000000000
q312,92666623850911762479369/25000000000000000000000,45352870175766113283/12207031250000000000
q313,24,24
q314,3993432006854008167389193/200000000000000000000000,1064754542134032631563/48828125000000000000
q315,1174683026444930773854943/62500000000000000000000,585603741087738864001/30517578125000000000
q316,2740350949842675827/195312500000000000,12019210859096407933247/800000000000000000000
q317,924050507310105490780997/500000000000000000000000,233342067106614318227/122070312500000000000
q318,241743111354723550353/122070312500000000000,999508146551567840087133/500000000000000000000000
q319,241743111354723550353/122070312500000000000,999508146551567840087133/500000000000000000000000
q320,241743111354723550353/122070312500000000000,999508146551567840087133/500000000000000000000000
q321,302032528124342360913/15258789062500000000,310783317496283596569417/15625000000000000000000
q322,1307124901322348952723/61035156250000000000,5356738890756810823468203/250000000000000000000000
q323,24,24
q324,24,24
q325,2588071820600372363680183/250000000000000000000000,317868933460792407389/30517578125000000000
q326,678634831223355313671/61035156250000000000,2779893379016877248420631/250000000000000000000000
q327,678634831223355313671/61035156250000000000,2779893379016877248420631/250000000000000000000000
q328,678634831223355313671/61035156250000000000,2779893379016877248420631/250000000000000000000000
q329,1307124901322348952723/61035156250000000000,5356738890756810823468203/250000000000000000000000
q330,678634831223355313671/30517578125000000000,2779893379016877248420631/125000000000000000000000
q331,24,24
q332,2779692602105133360822099/125000000000000000000000,343840626897002173317/15258789062500000000
q333,1307786618317739547783091/125000000000000000000000,319582877130594847531/30517578125000000000
q334,2653048967389238719193123/250000000000000000000000,647742397171388270443/61035156250000000000
q335,1167760033674026190139/122070312500000000000,4806757958325334373848779/500000000000000000000000
q336,4328820541703591079035867/500000000000000000000000,1076752087760060923897/122070312500000000000
q337,24,24
q338,24,24
q339,3073368873661040917193123/125000000000000000000000,750350889592214895443/30517578125000000000
q340,2814654599037839674664161/125000000000000000000000,344529553077557882763/15258789062500000000
q341,303408749531590367693123/31250000000000000000000,296368932679234128647/30517578125000000000
q342,303408749531590367693123/31250000000000000000000,296368932679234128647/30517578125000000000
q343,256508339497546341073/30517578125000000000,2105137142091248972764481/250000000000000000000000
q344,771006369190775608600567/100000000000000000000000,188746523872442592847/24414062500000000000
q345,24,24
q346,21674808695203375655946459/1000000000000000000000000,5747343891476038322769/244140625000000000000
q347,2812699172144420360106731/125000000000000000000000,1397971833054308294417/61035156250000000000
q348,4448448593505003145121/244140625000000000000,19655225089345177098929081/1000000000000000000000000
q349,517217201119147298209/61035156250000000000,2142865961711980147417549/250000000000000000000000
q350,1827872828940242103751/244140625000000000000,7880246865098639541831511/1000000000000000000000000
q351,1550502901989758745805277/250000000000000000000000,785262287061316058539/122070312500000000000
q352,236017140221517209921/48828125000000000000,1057255772470139588616881/200000000000000000000000
q353,109170883427738288291861/5000000000000000000000,53551908479809961827/2441406250000000000
q354,5467299299735644548203/244140625000000000000,170993168326113335419/7629394531250000000
q355,5647376617235845693124353/250000000000000000000000,1378946784135112943623/61035156250000000000
q356,51969023910869494739/2441406250000000000,106504875261487434486877/5000000000000000000000
q357,85524484059852654259/15258789062500000000,1406503143674738321902021/250000000000000000000000
q358,298294124629382092179369/50000000000000000000000,72877959234771698829/12207031250000000000
q359,298294124629382092179369/50000000000000000000000,72877959234771698829/12207031250000000000
q360,298294124629382092179369/50000000000000000000000,72877959234771698829/12207031250000000000
q361,24,24
q362,1468292372363590367693123/62500000000000000000000,716973961064592650261/30517578125000000000
q363,2863215871066139818193123/125000000000000000000000,349522473236188877409/15258789062500000000
q364,2394513092189101460401/122070312500000000000,9908528067542397998979661/500000000000000000000000
q365,317961907271137056377/61035156250000000000,1303167382764154306875647/250000000000000000000000
q366,317961907271137056377/61035156250000000000,1303167382764154306875647/250000000000000000000000
q367,2251092327299688711225167/500000000000000000000000,553623075914301712697/122070312500000000000
q368,251338060796150187197/61035156250000000000,520011027124914146152021/125000000000000000000000
q369,24,24
q370,673823863495443395453/30517578125000000000,11190974448468585073179807/500000000000000000000000
q371,316892022677840548413/15258789062500000000,326014677210813816538167/15625000000000000000000
q372,8809370126951630784200769/500000000000000000000000,545630902045297538901/30517578125000000000
q373,1498090038789615347061253/500000000000000000000000,371227963129688732773/122070312500000000000
q374,195054771723955625769/61035156250000000000,400984879663547332944417/125000000000000000000000
q375,195054771723955625769/61035156250000000000,400984879663547332944417/125000000000000000000000
q376,195054771723955625769/61035156250000000000,400984879663547332944417/125000000000000000000000
q377,24,24
q378,3993432006854008167389193/200000000000000000000000,1064754542134032631563/48828125000000000000
q379,1174683026444930773854943/62500000000000000000000,585603741087738864001/30517578125000000000
q380,2740350949842675827/195312500000000000,12019210859096407933247/800000000000000000000
q381,3815923140654444241/2441406250000000000,16569198555030714269401/10000000000000000000000
q382,853824330466667409500247/500000000000000000000000,211785590402937582477/122070312500000000000
q383,853824330466667409500247/500000000000000000000000,211785590402937582477/122070312500000000000
q384,853824330466667409500247/500000000000000000000000,211785590402937582477/122070312500000000000
